Iteration,Elman,Hopfield,Jordan,FFNN,QuantumPSO,ChargedPSO,StandardPSO,Goal0,0.0,0.0,0.0,0.0,0.0,0.0,0.0,0.0
1,0.38383669975897683,0.0,1.566948122612455,1.6834876778837176,0.0,0.0,0.0,0.0
2,0.3824068445928794,0.0,1.5664185133196606,1.6831341987870228,0.0,0.0,0.0,0.0
3,0.38099384857323404,0.0,1.5658887857142187,1.6827805309872423,0.0,0.0,0.0,0.0
4,0.3795974377173209,0.0,1.565358940273878,1.6824266745449938,0.0,0.0,0.0,0.0
5,0.37821734292015324,0.0,1.5648289774763953,1.6820726295213337,0.0,0.0,0.0,0.0
6,0.37685329986482213,0.0,1.5642988977995351,1.6817183959777593,0.0,0.0,0.0,0.0
7,0.3755050489345384,0.0,1.5637687017210726,1.6813639739762067,0.0,0.0,0.0,0.0
8,0.37417233512633385,0.0,1.563238389718786,1.6810093635790546,0.0,0.0,0.0,0.0
9,0.37285490796639276,0.0,1.5627079622704607,1.6806545648491238,0.0,0.0,0.0,0.0
10,0.37155252142698053,0.0,1.5621774198538898,1.6802995778496779,0.0,0.0,0.0,0.0
11,0.3702649338449364,0.0,1.5616467629468684,1.679944402644422,0.0,0.0,0.0,0.0
12,0.3689919078416991,0.0,1.5611159920271966,1.6795890392975077,0.0,0.0,0.0,0.0
13,0.36773321024484057,0.0,1.5605851075726787,1.6792334878735287,0.0,0.0,0.0,0.0
14,0.36648861201106814,0.0,1.5600541100611212,1.6788777484375252,0.0,0.0,0.0,0.0
15,0.3652578881506775,0.0,1.559522999970332,1.6785218210549846,0.0,0.0,0.0,0.0
16,0.36404081765342,0.0,1.558991777778122,1.6781657057918375,0.0,0.0,0.0,0.0
17,0.3628371834157587,0.0,1.5584604439622998,1.6778094027144652,0.0,0.0,0.0,0.0
18,0.36164677216948954,0.0,1.5579289990006784,1.6774529118896937,0.0,0.0,0.0,0.0
19,0.36046937441169463,0.0,1.5573974433710673,1.6770962333847996,0.0,0.0,0.0,0.0
20,0.35930478433600804,0.0,1.556865777551277,1.6767393672675082,0.0,0.0,0.0,0.0
21,0.35815279976516445,0.0,1.5563340020191139,1.6763823136059939,0.0,0.0,0.0,0.0
22,0.3570132220848065,0.0,1.5558021172523846,1.6760250724688823,0.0,0.0,0.0,0.0
23,0.3558858561785291,0.0,1.5552701237288913,1.6756676439252491,0.0,0.0,0.0,0.0
24,0.3547705103641324,0.0,1.5547380219264335,1.675310028044622,0.0,0.0,0.0,0.0
25,0.35366699633106324,0.0,1.5542058123228075,1.6749522248969817,0.0,0.0,0.0,0.0
26,0.35257512907902216,0.0,1.553673495395806,1.6745942345527627,0.0,0.0,0.0,0.0
27,0.35149472685771094,0.0,1.5531410716232117,1.6742360570828494,0.0,0.0,0.0,0.0
28,0.3504256111077007,0.0,1.5526085414828086,1.673877692558583,0.0,0.0,0.0,0.0
29,0.3493676064024013,0.0,1.5520759054523705,1.6735191410517618,0.0,0.0,0.0,0.0
30,0.34832054039110283,0.0,1.5515431640096666,1.6731604026346352,0.0,0.0,0.0,0.0
31,0.34728424374308026,0.0,1.5510103176324581,1.6728014773799105,0.0,0.0,0.0,0.0
32,0.34625855009273043,0.0,1.5504773667984995,1.6724423653607532,0.0,0.0,0.0,0.0
33,0.3452432959857274,0.0,1.549944311985538,1.6720830666507847,0.0,0.0,0.0,0.0
34,0.34423832082617517,0.0,1.5494111536713104,1.6717235813240843,0.0,0.0,0.0,0.0
35,0.34324346682473955,0.0,1.548877892333547,1.6713639094551918,0.0,0.0,0.0,0.0
36,0.3422585789477376,0.0,1.5483445284499682,1.6710040511191029,0.0,0.0,0.0,0.0
37,0.34128350486717146,0.0,1.5478110624982844,1.6706440063912769,0.0,0.0,0.0,0.0
38,0.3403180949116836,0.0,1.547277494956197,1.6702837753476316,0.0,0.0,0.0,0.0
39,0.33936220201841844,0.0,1.5467438263013953,1.6699233580645463,0.0,0.0,0.0,0.0
40,0.33841568168577346,0.0,1.5462100570115593,1.6695627546188623,0.0,0.0,0.0,0.0
41,0.3374783919270225,0.0,1.5456761875643574,1.6692019650878835,0.0,0.0,0.0,0.0
42,0.33655019322479374,0.0,1.5451422184374464,1.6688409895493763,0.0,0.0,0.0,0.0
43,0.3356309484863868,0.0,1.5446081501084719,1.6684798280815711,0.0,0.0,0.0,0.0
44,0.3347205229999141,0.0,1.5440739830550654,1.6681184807631633,0.0,0.0,0.0,0.0
45,0.33381878439125084,0.0,1.5435397177548476,1.6677569476733132,0.0,0.0,0.0,0.0
46,0.3329256025817745,0.0,1.5430053546854265,1.667395228891643,0.0,0.0,0.0,0.0
47,0.3320408497468858,0.0,1.5424708943243943,1.6670333244982467,0.0,0.0,0.0,0.0
48,0.3311644002752907,0.0,1.541936337149333,1.6666712345736818,0.0,0.0,0.0,0.0
49,0.33029613072903113,0.0,1.5414016836378084,1.6663089591989737,0.0,0.0,0.0,0.0
50,0.3294359198042508,0.0,1.5408669342673724,1.6659464984556165,0.0,0.0,0.0,0.0
51,0.3285836482926819,0.0,1.5403320895155643,1.6655838524255713,0.0,0.0,0.0,0.0
52,0.3277391990438386,0.0,1.5397971498599057,1.6652210211912697,0.0,0.0,0.0,0.0
53,0.3269024569279059,0.0,1.539262115777907,1.6648580048356145,0.0,0.0,0.0,0.0
54,0.32607330879930735,0.0,1.5387269877470595,1.6644948034419753,0.0,0.0,0.0,0.0
55,0.32525164346094304,0.0,1.5381917662448408,1.6641314170941959,0.0,0.0,0.0,0.0
56,0.3244373516290826,0.0,1.5376564517487132,1.6637678458765897,0.0,0.0,0.0,0.0
57,0.32363032589890145,0.0,1.5371210447361223,1.663404089873945,0.0,0.0,0.0,0.0
58,0.32283046071064914,0.0,1.5365855456844988,1.6630401491715197,0.0,0.0,0.0,0.0
59,0.3220376523164372,0.0,1.536049955071255,1.6626760238550486,0.0,0.0,0.0,0.0
60,0.32125179874763493,0.0,1.5355142733737872,1.6623117140107377,0.0,0.0,0.0,0.0
61,0.3204727997828623,0.0,1.5349785010694768,1.6619472197252683,0.0,0.0,0.0,0.0
62,0.31970055691656823,0.0,1.5344426386356855,1.6615825410857983,0.0,0.0,0.0,0.0
63,0.3189349733281845,0.0,1.5339066865497604,1.6612176781799601,0.0,0.0,0.0,0.0
64,0.31817595385184233,0.0,1.5333706452890294,1.6608526310958642,0.0,0.0,0.0,0.0
65,0.317423404946644,0.0,1.5328345153308043,1.6604873999220964,0.0,0.0,0.0,0.0
66,0.3166772346674771,0.0,1.5322982971523769,1.6601219847477209,0.0,0.0,0.0,0.0
67,0.3159373526363621,0.0,1.531761991231025,1.6597563856622792,0.0,0.0,0.0,0.0
68,0.31520367001432315,0.0,1.5312255980440062,1.6593906027557943,0.0,0.0,0.0,0.0
69,0.31447609947377264,0.0,1.5306891180685598,1.659024636118766,0.0,0.0,0.0,0.0
70,0.3137545551714005,0.0,1.530152551781907,1.6586584858421747,0.0,0.0,0.0,0.0
71,0.31303895272155674,0.0,1.5296158996612528,1.6582921520174818,0.0,0.0,0.0,0.0
72,0.31232920917012114,0.0,1.5290791621837816,1.6579256347366318,0.0,0.0,0.0,0.0
73,0.31162524296884875,0.0,1.5285423398266613,1.6575589340920465,0.0,0.0,0.0,0.0
74,0.3109269739501836,0.0,1.528005433067039,1.6571920501766333,0.0,0.0,0.0,0.0
75,0.310234323302531,0.0,1.5274684423820442,1.6568249830837831,0.0,0.0,0.0,0.0
76,0.3095472135459811,0.0,1.5269313682487895,1.6564577329073684,0.0,0.0,0.0,0.0
77,0.30886556850847463,0.0,1.5263942111443667,1.6560902997417464,0.0,0.0,0.0,0.0
78,0.308189313302402,0.0,1.525856971545849,1.655722683681759,0.0,0.0,0.0,0.0
79,0.30751837430163065,0.0,1.5253196499302921,1.6553548848227337,0.0,0.0,0.0,0.0
80,0.30685267911894776,0.0,1.524782246774732,1.6549869032604838,0.0,0.0,0.0,0.0
81,0.30619215658391674,0.0,1.5242447625561855,1.6546187390913083,0.0,0.0,0.0,0.0
82,0.3055367367211334,0.0,1.5237071977516512,1.6542503924119945,0.0,0.0,0.0,0.0
83,0.3048863507288811,0.0,1.5231695528381084,1.6538818633198156,0.0,0.0,0.0,0.0
84,0.3042409309581709,0.0,1.5226318282925182,1.6535131519125341,0.0,0.0,0.0,0.0
85,0.3036004108921662,0.0,1.5220940245918222,1.6531442582884028,0.0,0.0,0.0,0.0
86,0.3029647251259781,0.0,1.521556142212943,1.6527751825461583,0.0,0.0,0.0,0.0
87,0.30233380934683124,0.0,1.521018181632784,1.6524059247850336,0.0,0.0,0.0,0.0
88,0.30170760031458765,0.0,1.5204801433282327,1.652036485104748,0.0,0.0,0.0,0.0
89,0.3010860358426257,0.0,1.5199420277761517,1.6516668636055125,0.0,0.0,0.0,0.0
90,0.3004690547790665,0.0,1.5194038354533919,1.6512970603880315,0.0,0.0,0.0,0.0
91,0.2998565969883408,0.0,1.5188655668367808,1.6509270755534977,0.0,0.0,0.0,0.0
92,0.2992486033330906,0.0,1.518327222403129,1.650556909203599,0.0,0.0,0.0,0.0
93,0.29864501565639995,0.0,1.517788802629228,1.6501865614405176,0.0,0.0,0.0,0.0
94,0.29804577676434785,0.0,1.5172503079918505,1.649816032366927,0.0,0.0,0.0,0.0
95,0.2974508304088772,0.0,1.516711738967753,1.6494453220859964,0.0,0.0,0.0,0.0
96,0.29686012127097666,0.0,1.5161730960336692,1.6490744307013887,0.0,0.0,0.0,0.0
97,0.2962735949441647,0.0,1.5156343796663179,1.648703358317263,0.0,0.0,0.0,0.0
98,0.29569119791827586,0.0,1.5150955903424,1.6483321050382742,0.0,0.0,0.0,0.0
99,0.29511287756353927,0.0,1.5145567285385968,1.6479606709695747,0.0,0.0,0.0,0.0
100,0.2945385821149468,0.0,1.514017794731571,1.64758905621681,0.0,0.0,0.0,0.0
101,0.2939682606569047,0.0,1.513478789397969,1.6472172608861293,0.0,0.0,0.0,0.0
102,0.293401863108162,0.0,1.5129397130144193,1.6468452850841746,0.0,0.0,0.0,0.0
103,0.292839340207014,0.0,1.5124005660575317,1.6464731289180885,0.0,0.0,0.0,0.0
104,0.2922806434967724,0.0,1.5118613490039003,1.646100792495514,0.0,0.0,0.0,0.0
105,0.29172572531149954,0.0,1.5113220623300985,1.6457282759245921,0.0,0.0,0.0,0.0
106,0.29117453876200067,0.0,1.5107827065126882,1.645355579313963,0.0,0.0,0.0,0.0
107,0.2906270377220688,0.0,1.5102432820282066,1.6449827027727721,0.0,0.0,0.0,0.0
108,0.29008317681498175,0.0,1.5097037893531817,1.6446096464106608,0.0,0.0,0.0,0.0
109,0.28954291140023897,0.0,1.5091642289641192,1.6442364103377758,0.0,0.0,0.0,0.0
110,0.2890061975605432,0.0,1.5086246013375104,1.6438629946647654,0.0,0.0,0.0,0.0
111,0.2884729920890143,0.0,1.5080849069498319,1.6434893995027793,0.0,0.0,0.0,0.0
112,0.28794325247663594,0.0,1.5075451462775389,1.6431156249634742,0.0,0.0,0.0,0.0
113,0.28741693689992903,0.0,1.5070053197970763,1.6427416711590046,0.0,0.0,0.0,0.0
114,0.28689400420884803,0.0,1.5064654279848708,1.6423675382020353,0.0,0.0,0.0,0.0
115,0.2863744139148971,0.0,1.505925471317333,1.6419932262057344,0.0,0.0,0.0,0.0
116,0.2858581261794585,0.0,1.505385450270858,1.6416187352837737,0.0,0.0,0.0,0.0
117,0.2853451018023359,0.0,1.5048453653218263,1.6412440655503338,0.0,0.0,0.0,0.0
118,0.284835302210501,0.0,1.5043052169466042,1.6408692171200978,0.0,0.0,0.0,0.0
119,0.2843286894470458,0.0,1.5037650056215408,1.6404941901082606,0.0,0.0,0.0,0.0
120,0.28382522616033434,0.0,1.503224731822973,1.6401189846305206,0.0,0.0,0.0,0.0
121,0.28332487559334907,0.0,1.5026843960272227,1.6397436008030875,0.0,0.0,0.0,0.0
122,0.2828276015732309,0.0,1.502143998710596,1.6393680387426772,0.0,0.0,0.0,0.0
123,0.28233336850100826,0.0,1.5016035403493875,1.6389922985665148,0.0,0.0,0.0,0.0
124,0.2818421413415103,0.0,1.5010630214198781,1.638616380392336,0.0,0.0,0.0,0.0
125,0.281353885613464,0.0,1.500522442398333,1.638240284338386,0.0,0.0,0.0,0.0
126,0.28086856737976834,0.0,1.499981803761006,1.63786401052342,0.0,0.0,0.0,0.0
127,0.28038615323794536,0.0,1.4994411059841384,1.6374875590667057,0.0,0.0,0.0,0.0
128,0.2799066103107623,0.0,1.4989003495439566,1.6371109300880207,0.0,0.0,0.0,0.0
129,0.2794299062370247,0.0,1.4983595349166783,1.6367341237076554,0.0,0.0,0.0,0.0
130,0.27895600916253305,0.0,1.4978186625785073,1.6363571400464128,0.0,0.0,0.0,0.0
131,0.27848488773120544,0.0,1.497277733005633,1.6359799792256073,0.0,0.0,0.0,0.0
132,0.27801651107635744,0.0,1.4967367466742372,1.6356026413670697,0.0,0.0,0.0,0.0
133,0.2775508488121421,0.0,1.4961957040604892,1.6352251265931426,0.0,0.0,0.0,0.0
134,0.27708787102514165,0.0,1.4956546056405469,1.634847435026683,0.0,0.0,0.0,0.0
135,0.27662754826611236,0.0,1.4951134518905576,1.6344695667910638,0.0,0.0,0.0,0.0
136,0.2761698515418777,0.0,1.4945722432866584,1.634091522010174,0.0,0.0,0.0,0.0
137,0.2757147523073674,0.0,1.4940309803049772,1.633713300808414,0.0,0.0,0.0,0.0
138,0.27526222245780047,0.0,1.4934896634216304,1.6333349033107067,0.0,0.0,0.0,0.0
139,0.2748122343210083,0.0,1.4929482931127267,1.6329563296424878,0.0,0.0,0.0,0.0
140,0.2743647606498968,0.0,1.492406869854364,1.6325775799297115,0.0,0.0,0.0,0.0
141,0.2739197746150432,0.0,1.491865394122633,1.63219865429885,0.0,0.0,0.0,0.0
142,0.27347724979742766,0.0,1.4913238663936152,1.631819552876892,0.0,0.0,0.0,0.0
143,0.2730371601812941,0.0,1.4907822871433836,1.6314402757913464,0.0,0.0,0.0,0.0
144,0.2725994801471406,0.0,1.4902406568480044,1.631060823170243,0.0,0.0,0.0,0.0
145,0.272164184464836,0.0,1.489698975983535,1.6306811951421252,0.0,0.0,0.0,0.0
146,0.27173124828685885,0.0,1.4891572450260269,1.6303013918360643,0.0,0.0,0.0,0.0
147,0.27130064714166013,0.0,1.488615464451523,1.6299214133816449,0.0,0.0,0.0,0.0
148,0.2708723569271436,0.0,1.4880736347360624,1.6295412599089774,0.0,0.0,0.0,0.0
149,0.2704463539042646,0.0,1.4875317563556758,1.6291609315486921,0.0,0.0,0.0,0.0
150,0.27002261469074246,0.0,1.4869898297863886,1.6287804284319392,0.0,0.0,0.0,0.0
151,0.26960111625488814,0.0,1.4864478555042215,1.6283997506903947,0.0,0.0,0.0,0.0
152,0.26918183590954053,0.0,1.4859058339851894,1.628018898456254,0.0,0.0,0.0,0.0
153,0.26876475130611277,0.0,1.4853637657053023,1.627637871862238,0.0,0.0,0.0,0.0
154,0.26834984042874604,0.0,1.4848216511405672,1.6272566710415892,0.0,0.0,0.0,0.0
155,0.26793708158856683,0.0,1.484279490766985,1.6268752961280768,0.0,0.0,0.0,0.0
156,0.2675264534180489,0.0,1.483737285060554,1.6264937472559915,0.0,0.0,0.0,0.0
157,0.2671179348654759,0.0,1.4831950344972702,1.626112024560151,0.0,0.0,0.0,0.0
158,0.266711505189503,0.0,1.4826527395531253,1.6257301281758967,0.0,0.0,0.0,0.0
159,0.2663071439538161,0.0,1.482110400704109,1.6253480582390984,0.0,0.0,0.0,0.0
160,0.2659048310218882,0.0,1.4815680184262079,1.6249658148861477,0.0,0.0,0.0,0.0
161,0.2655045465518277,0.0,1.481025593195409,1.6245833982539675,0.0,0.0,0.0,0.0
162,0.2651062709913213,0.0,1.480483125487696,1.6242008084800035,0.0,0.0,0.0,0.0
163,0.26470998507266585,0.0,1.479940615779052,1.6238180457022318,0.0,0.0,0.0,0.0
164,0.2643156698078901,0.0,1.4793980645454592,1.623435110059156,0.0,0.0,0.0,0.0
165,0.2639233064839642,0.0,1.4788554722629004,1.6230520016898056,0.0,0.0,0.0,0.0
166,0.26353287665809394,0.0,1.478312839407359,1.6226687207337425,0.0,0.0,0.0,0.0
167,0.2631443621531004,0.0,1.4777701664548168,1.6222852673310537,0.0,0.0,0.0,0.0
168,0.26275774505288213,0.0,1.477227453881258,1.6219016416223586,0.0,0.0,0.0,0.0
169,0.26237300769795774,0.0,1.4766847021626677,1.6215178437488063,0.0,0.0,0.0,0.0
170,0.26199013268109,0.0,1.4761419117750338,1.6211338738520729,0.0,0.0,0.0,0.0
171,0.26160910284298644,0.0,1.4755990831943442,1.620749732074368,0.0,0.0,0.0,0.0
172,0.26122990126807805,0.0,1.4750562168965904,1.6203654185584333,0.0,0.0,0.0,0.0
173,0.2608525112803731,0.0,1.4745133133577677,1.61998093344754,0.0,0.0,0.0,0.0
174,0.2604769164393857,0.0,1.473970373053874,1.6195962768854895,0.0,0.0,0.0,0.0
175,0.260103100536136,0.0,1.4734273964609101,1.6192114490166203,0.0,0.0,0.0,0.0
176,0.2597310475892231,0.0,1.4728843840548829,1.6188264499857992,0.0,0.0,0.0,0.0
177,0.2593607418409679,0.0,1.4723413363118008,1.6184412799384276,0.0,0.0,0.0,0.0
178,0.25899216775362405,0.0,1.47179825370768,1.618055939020441,0.0,0.0,0.0,0.0
179,0.25862531000565775,0.0,1.4712551367185402,1.6176704273783065,0.0,0.0,0.0,0.0
180,0.2582601534880935,0.0,1.470711985820409,1.6172847451590266,0.0,0.0,0.0,0.0
181,0.25789668330092513,0.0,1.4701688014893177,1.6168988925101393,0.0,0.0,0.0,0.0
182,0.25753488474959035,0.0,1.4696255842013055,1.6165128695797162,0.0,0.0,0.0,0.0
183,0.25717474334150986,0.0,1.4690823344324173,1.6161266765163633,0.0,0.0,0.0,0.0
184,0.2568162447826861,0.0,1.4685390526587079,1.6157403134692239,0.0,0.0,0.0,0.0
185,0.2564593749743644,0.0,1.4679957393562384,1.615353780587977,0.0,0.0,0.0,0.0
186,0.25610412000975286,0.0,1.4674523950010783,1.6149670780228371,0.0,0.0,0.0,0.0
187,0.255750466170801,0.0,1.4669090200693045,1.614580205924557,0.0,0.0,0.0,0.0
188,0.25539839992503516,0.0,1.466365615037005,1.6141931644444227,0.0,0.0,0.0,0.0
189,0.2550479079224521,0.0,1.4658221803802762,1.6138059537342626,0.0,0.0,0.0,0.0
190,0.25469897699246513,0.0,1.465278716575226,1.6134185739464393,0.0,0.0,0.0,0.0
191,0.25435159414090747,0.0,1.4647352240979687,1.6130310252338544,0.0,0.0,0.0,0.0
192,0.2540057465470876,0.0,1.4641917034246343,1.6126433077499485,0.0,0.0,0.0,0.0
193,0.2536614215608964,0.0,1.4636481550313603,1.6122554216487008,0.0,0.0,0.0,0.0
194,0.253318606699967,0.0,1.463104579394297,1.6118673670846284,0.0,0.0,0.0,0.0
195,0.25297728964688526,0.0,1.462560976989608,1.6114791442127891,0.0,0.0,0.0,0.0
196,0.2526374582464483,0.0,1.462017348293467,1.6110907531887801,0.0,0.0,0.0,0.0
197,0.2522991005029736,0.0,1.4614736937820623,1.6107021941687398,0.0,0.0,0.0,0.0
198,0.2519622045776545,0.0,1.4609300139315946,1.6103134673093424,0.0,0.0,0.0,0.0
199,0.2516267587859637,0.0,1.460386309218279,1.6099245727678109,0.0,0.0,0.0,0.0
200,0.2512927515951023,0.0,1.459842580118344,1.6095355107019016,0.0,0.0,0.0,0.0
201,0.25096017162149475,0.0,1.4592988271080318,1.6091462812699158,0.0,0.0,0.0,0.0
202,0.2506290076283271,0.0,1.458755050663602,1.6087568846306963,0.0,0.0,0.0,0.0
203,0.2502992485231304,0.0,1.4582112512613288,1.6083673209436282,0.0,0.0,0.0,0.0
204,0.24997088335540588,0.0,1.457667429377499,1.6079775903686373,0.0,0.0,0.0,0.0
205,0.24964390131429282,0.0,1.457123585488421,1.607587693066194,0.0,0.0,0.0,0.0
206,0.2493182917262775,0.0,1.4565797200704165,1.6071976291973094,0.0,0.0,0.0,0.0
207,0.24899404405294262,0.0,1.456035833599823,1.6068073989235385,0.0,0.0,0.0,0.0
208,0.24867114788875772,0.0,1.4554919265529984,1.6064170024069826,0.0,0.0,0.0,0.0
209,0.24834959295890652,0.0,1.454947999406318,1.6060264398102835,0.0,0.0,0.0,0.0
210,0.2480293691171549,0.0,1.4544040526361728,1.6056357112966273,0.0,0.0,0.0,0.0
211,0.24771046634375546,0.0,1.453860086718977,1.605244817029746,0.0,0.0,0.0,0.0
212,0.24739287474338958,0.0,1.4533161021311598,1.604853757173916,0.0,0.0,0.0,0.0
213,0.24707658454314554,0.0,1.4527720993491713,1.6044625318939576,0.0,0.0,0.0,0.0
214,0.24676158609053253,0.0,1.4522280788494817,1.604071141355237,0.0,0.0,0.0,0.0
215,0.24644786985153028,0.0,1.4516840411085823,1.603679585723667,0.0,0.0,0.0,0.0
216,0.24613542640867206,0.0,1.4511399866029842,1.6032878651657034,0.0,0.0,0.0,0.0
217,0.24582424645916212,0.0,1.4505959158092208,1.6028959798483517,0.0,0.0,0.0,0.0
218,0.24551432081302693,0.0,1.450051829203844,1.6025039299391601,0.0,0.0,0.0,0.0
219,0.2452056403912982,0.0,1.4495077272634318,1.6021117156062255,0.0,0.0,0.0,0.0
220,0.2448981962242276,0.0,1.448963610464582,1.601719337018192,0.0,0.0,0.0,0.0
221,0.24459197944953456,0.0,1.448419479283916,1.6013267943442488,0.0,0.0,0.0,0.0
222,0.24428698131068347,0.0,1.4478753341980783,1.6009340877541356,0.0,0.0,0.0,0.0
223,0.2439831931551913,0.0,1.4473311756837368,1.6005412174181362,0.0,0.0,0.0,0.0
224,0.2436806064329661,0.0,1.4467870042175848,1.6001481835070857,0.0,0.0,0.0,0.0
225,0.2433792126946738,0.0,1.4462428202763375,1.5997549861923628,0.0,0.0,0.0,0.0
226,0.24307900359013362,0.0,1.445698624336736,1.5993616256459,0.0,0.0,0.0,0.0
227,0.24277997086674272,0.0,1.4451544168755481,1.5989681020401747,0.0,0.0,0.0,0.0
228,0.2424821063679274,0.0,1.4446101983695647,1.5985744155482142,0.0,0.0,0.0,0.0
229,0.24218540203162206,0.0,1.4440659692956053,1.598180566343595,0.0,0.0,0.0,0.0
230,0.24188984988877493,0.0,1.4435217301305134,1.5977865546004433,0.0,0.0,0.0,0.0
231,0.24159544206187952,0.0,1.4429774813511602,1.5973923804934327,0.0,0.0,0.0,0.0
232,0.24130217076353289,0.0,1.4424332234344444,1.5969980441977902,0.0,0.0,0.0,0.0
233,0.2410100282950177,0.0,1.441888956857292,1.5966035458892898,0.0,0.0,0.0,0.0
234,0.2407190070449103,0.0,1.441344682096656,1.5962088857442565,0.0,0.0,0.0,0.0
235,0.24042909948771285,0.0,1.4408003996295198,1.5958140639395662,0.0,0.0,0.0,0.0
236,0.24014029818250898,0.0,1.4402561099328934,1.5954190806526456,0.0,0.0,0.0,0.0
237,0.2398525957716439,0.0,1.4397118134838158,1.5950239360614709,0.0,0.0,0.0,0.0
238,0.2395659849794264,0.0,1.4391675107593584,1.5946286303445705,0.0,0.0,0.0,0.0
239,0.23928045861085465,0.0,1.4386232022366179,1.594233163681025,0.0,0.0,0.0,0.0
240,0.23899600955036335,0.0,1.4380788883927247,1.5938375362504635,0.0,0.0,0.0,0.0
241,0.2387126307605934,0.0,1.4375345697048378,1.593441748233069,0.0,0.0,0.0,0.0
242,0.23843031528118278,0.0,1.4369902466501487,1.5930457998095764,0.0,0.0,0.0,0.0
243,0.23814905622757854,0.0,1.4364459197058785,1.5926496911612724,0.0,0.0,0.0,0.0
244,0.2378688467898694,0.0,1.4359015893492806,1.5922534224699936,0.0,0.0,0.0,0.0
245,0.23758968023163876,0.0,1.43535725605764,1.5918569939181326,0.0,0.0,0.0,0.0
246,0.23731154988883807,0.0,1.4348129203082758,1.591460405688633,0.0,0.0,0.0,0.0
247,0.2370344491686788,0.0,1.4342685825785357,1.591063657964991,0.0,0.0,0.0,0.0
248,0.2367583715485448,0.0,1.4337242433458064,1.5906667509312553,0.0,0.0,0.0,0.0
249,0.236483310574923,0.0,1.4331799030875019,1.590269684772028,0.0,0.0,0.0,0.0
250,0.23620925986235236,0.0,1.4326355622810736,1.5898724596724656,0.0,0.0,0.0,0.0
251,0.23593621309239232,0.0,1.4320912214040056,1.5894750758182767,0.0,0.0,0.0,0.0
252,0.23566416401260704,0.0,1.4315468809338168,1.5890775333957237,0.0,0.0,0.0,0.0
253,0.23539310643556982,0.0,1.4310025413480605,1.588679832591623,0.0,0.0,0.0,0.0
254,0.23512303423788214,0.0,1.4304582031243251,1.588281973593345,0.0,0.0,0.0,0.0
255,0.23485394135921225,0.0,1.4299138667402354,1.5878839565888136,0.0,0.0,0.0,0.0
256,0.23458582180134796,0.0,1.4293695326734501,1.5874857817665078,0.0,0.0,0.0,0.0
257,0.2343186696272678,0.0,1.428825201401664,1.5870874493154596,0.0,0.0,0.0,0.0
258,0.23405247896022693,0.0,1.42828087340261,1.586688959425257,0.0,0.0,0.0,0.0
259,0.23378724398285963,0.0,1.4277365491540563,1.5862903122860421,0.0,0.0,0.0,0.0
260,0.23352295893629665,0.0,1.4271922291338084,1.5858915080885099,0.0,0.0,0.0,0.0
261,0.23325961811929805,0.0,1.4266479138197095,1.5854925470239136,0.0,0.0,0.0,0.0
262,0.23299721588740138,0.0,1.426103603689638,1.5850934292840577,0.0,0.0,0.0,0.0
263,0.2327357466520837,0.0,1.425559299221513,1.5846941550613058,0.0,0.0,0.0,0.0
264,0.2324752048799389,0.0,1.4250150008932916,1.5842947245485732,0.0,0.0,0.0,0.0
265,0.23221558509186827,0.0,1.4244707091829663,1.583895137939333,0.0,0.0,0.0,0.0
266,0.2319568818622858,0.0,1.4239264245685734,1.5834953954276114,0.0,0.0,0.0,0.0
267,0.23169908981833645,0.0,1.4233821475281827,1.583095497207993,0.0,0.0,0.0,0.0
268,0.23144220363912832,0.0,1.4228378785399076,1.5826954434756157,0.0,0.0,0.0,0.0
269,0.23118621805497794,0.0,1.422293618081897,1.5822952344261736,0.0,0.0,0.0,0.0
270,0.23093112784666803,0.0,1.4217493666323444,1.5818948702559184,0.0,0.0,0.0,0.0
271,0.23067692784471816,0.0,1.4212051246694812,1.581494351161655,0.0,0.0,0.0,0.0
272,0.23042361292866845,0.0,1.4206608926715771,1.581093677340746,0.0,0.0,0.0,0.0
273,0.23017117802637485,0.0,1.4201166711169455,1.5806928489911103,0.0,0.0,0.0,0.0
274,0.22991961811331643,0.0,1.419572460483938,1.5802918663112229,0.0,0.0,0.0,0.0
275,0.22966892821191484,0.0,1.4190282612509517,1.5798907295001134,0.0,0.0,0.0,0.0
276,0.22941910339086524,0.0,1.4184840738964215,1.5794894387573706,0.0,0.0,0.0,0.0
277,0.2291701387644787,0.0,1.4179398988988223,1.5790879942831368,0.0,0.0,0.0,0.0
278,0.22892202949203527,0.0,1.4173957367366763,1.5786863962781135,0.0,0.0,0.0,0.0
279,0.2286747707771492,0.0,1.4168515878885444,1.5782846449435575,0.0,0.0,0.0,0.0
280,0.22842835786714336,0.0,1.4163074528330293,1.5778827404812807,0.0,0.0,0.0,0.0
281,0.22818278605243553,0.0,1.4157633320487788,1.5774806830936543,0.0,0.0,0.0,0.0
282,0.227938050665935,0.0,1.4152192260144814,1.5770784729836045,0.0,0.0,0.0,0.0
283,0.22769414708244823,0.0,1.4146751352088685,1.5766761103546154,0.0,0.0,0.0,0.0
284,0.2274510707180962,0.0,1.414131060110718,1.576273595410726,0.0,0.0,0.0,0.0
285,0.22720881702974036,0.0,1.4135870011988467,1.5758709283565357,0.0,0.0,0.0,0.0
286,0.22696738151441867,0.0,1.4130429589521192,1.5754681093971972,0.0,0.0,0.0,0.0
287,0.22672675970879155,0.0,1.4124989338494403,1.5750651387384222,0.0,0.0,0.0,0.0
288,0.2264869471885965,0.0,1.4119549263697626,1.574662016586477,0.0,0.0,0.0,0.0
289,0.22624793956811226,0.0,1.4114109369920804,1.5742587431481878,0.0,0.0,0.0,0.0
290,0.22600973249963216,0.0,1.4108669661954325,1.5738553186309372,0.0,0.0,0.0,0.0
291,0.22577232167294564,0.0,1.4103230144589034,1.5734517432426631,0.0,0.0,0.0,0.0
292,0.22553570281482938,0.0,1.4097790822616234,1.5730480171918617,0.0,0.0,0.0,0.0
293,0.22529987168854623,0.0,1.409235170082765,1.5726441406875866,0.0,0.0,0.0,0.0
294,0.22506482409335274,0.0,1.4086912784015482,1.572240113939447,0.0,0.0,0.0,0.0
295,0.22483055586401546,0.0,1.408147407697237,1.5718359371576114,0.0,0.0,0.0,0.0
296,0.22459706287033424,0.0,1.407603558449142,1.5714316105528014,0.0,0.0,0.0,0.0
297,0.22436434101667435,0.0,1.4070597311366189,1.5710271343363014,0.0,0.0,0.0,0.0
298,0.22413238624150625,0.0,1.406515926239069,1.5706225087199477,0.0,0.0,0.0,0.0
299,0.22390119451695287,0.0,1.4059721442359405,1.5702177339161358,0.0,0.0,0.0,0.0
300,0.22367076184834425,0.0,1.4054283856067267,1.569812810137819,0.0,0.0,0.0,0.0
301,0.22344108427378023,0.0,1.4048846508309676,1.5694077375985058,0.0,0.0,0.0,0.0
302,0.22321215786369947,0.0,1.4043409403882492,1.5690025165122614,0.0,0.0,0.0,0.0
303,0.22298397872045644,0.0,1.403797254758205,1.5685971470937108,0.0,0.0,0.0,0.0
304,0.222756542977905,0.0,1.4032535944205133,1.5681916295580332,0.0,0.0,0.0,0.0
305,0.22252984680098906,0.0,1.402709959854902,1.5677859641209657,0.0,0.0,0.0,0.0
306,0.22230388638533952,0.0,1.4021663515411429,1.5673801509988021,0.0,0.0,0.0,0.0
307,0.22207865795687862,0.0,1.4016227699590558,1.5669741904083936,0.0,0.0,0.0,0.0
308,0.22185415777143003,0.0,1.4010792155885097,1.5665680825671455,0.0,0.0,0.0,0.0
309,0.22163038211433653,0.0,1.4005356889094167,1.5661618276930234,0.0,0.0,0.0,0.0
310,0.22140732730008192,0.0,1.3999921904017398,1.5657554260045472,0.0,0.0,0.0,0.0
311,0.22118498967192152,0.0,1.399448720545487,1.565348877720794,0.0,0.0,0.0,0.0
312,0.22096336560151691,0.0,1.3989052798207147,1.5649421830613974,0.0,0.0,0.0,0.0
313,0.22074245148857782,0.0,1.3983618687075274,1.5645353422465484,0.0,0.0,0.0,0.0
314,0.2205222437605089,0.0,1.397818487686075,1.5641283554969911,0.0,0.0,0.0,0.0
315,0.22030273887206298,0.0,1.3972751372365577,1.5637212230340307,0.0,0.0,0.0,0.0
316,0.2200839333049998,0.0,1.3967318178392214,1.563313945079524,0.0,0.0,0.0,0.0
317,0.21986582356775033,0.0,1.396188529974362,1.5629065218558873,0.0,0.0,0.0,0.0
318,0.2196484061950859,0.0,1.3956452741223193,1.5624989535860903,0.0,0.0,0.0,0.0
319,0.21943167774779393,0.0,1.3951020507634841,1.5620912404936609,0.0,0.0,0.0,0.0
320,0.2192156348123576,0.0,1.3945588603782952,1.561683382802681,0.0,0.0,0.0,0.0
321,0.21900027400064206,0.0,1.3940157034472376,1.5612753807377897,0.0,0.0,0.0,0.0
322,0.21878559194958408,0.0,1.3934725804508432,1.5608672345241803,0.0,0.0,0.0,0.0
323,0.21857158532088855,0.0,1.3929294918696966,1.560458944387602,0.0,0.0,0.0,0.0
324,0.21835825080072813,0.0,1.3923864381844253,1.5600505105543607,0.0,0.0,0.0,0.0
325,0.2181455850994489,0.0,1.3918434198757077,1.5596419332513174,0.0,0.0,0.0,0.0
326,0.21793358495128035,0.0,1.3913004374242681,1.5592332127058843,0.0,0.0,0.0,0.0
327,0.21772224711405005,0.0,1.39075749131088,1.5588243491460347,0.0,0.0,0.0,0.0
328,0.21751156836890267,0.0,1.3902145820163656,1.558415342800293,0.0,0.0,0.0,0.0
329,0.2173015455200239,0.0,1.3896717100215923,1.5580061938977383,0.0,0.0,0.0,0.0
330,0.21709217539436843,0.0,1.389128875807479,1.557596902668006,0.0,0.0,0.0,0.0
331,0.21688345484139224,0.0,1.3885860798549894,1.5571874693412853,0.0,0.0,0.0,0.0
332,0.21667538073278986,0.0,1.3880433226451359,1.5567778941483195,0.0,0.0,0.0,0.0
333,0.21646794996223448,0.0,1.3875006046589804,1.5563681773204052,0.0,0.0,0.0,0.0
334,0.21626115944512342,0.0,1.3869579263776288,1.5559583190893955,0.0,0.0,0.0,0.0
335,0.21605500611832706,0.0,1.3864152882822396,1.555548319687695,0.0,0.0,0.0,0.0
336,0.21584948693994166,0.0,1.3858726908540155,1.555138179348263,0.0,0.0,0.0,0.0
337,0.2156445988890464,0.0,1.3853301345742064,1.554727898304612,0.0,0.0,0.0,0.0
338,0.21544033896546402,0.0,1.384787619924112,1.5543174767908081,0.0,0.0,0.0,0.0
339,0.21523670418952504,0.0,1.3842451473850772,1.5539069150414702,0.0,0.0,0.0,0.0
340,0.21503369160183655,0.0,1.383702717438496,1.5534962132917713,0.0,0.0,0.0,0.0
341,0.2148312982630529,0.0,1.38316033056581,1.553085371777435,0.0,0.0,0.0,0.0
342,0.21462952125365223,0.0,1.382617987248505,1.5526743907347405,0.0,0.0,0.0,0.0
343,0.2144283576737144,0.0,1.382075687968117,1.5522632704005161,0.0,0.0,0.0,0.0
344,0.21422780464270377,0.0,1.381533433206227,1.5518520110121456,0.0,0.0,0.0,0.0
345,0.21402785929925452,0.0,1.380991223444464,1.551440612807562,0.0,0.0,0.0,0.0
346,0.2138285188009599,0.0,1.3804490591645018,1.551029076025252,0.0,0.0,0.0,0.0
347,0.21362978032416446,0.0,1.379906940848063,1.5506174009042526,0.0,0.0,0.0,0.0
348,0.2134316410637592,0.0,1.3793648689769167,1.5502055876841538,0.0,0.0,0.0,0.0
349,0.21323409823298042,0.0,1.378822844032876,1.5497936366050948,0.0,0.0,0.0,0.0
350,0.21303714906321145,0.0,1.3782808664978015,1.5493815479077668,0.0,0.0,0.0,0.0
351,0.21284079080378726,0.0,1.3777389368536006,1.5489693218334113,0.0,0.0,0.0,0.0
352,0.21264502072180216,0.0,1.3771970555822246,1.5485569586238215,0.0,0.0,0.0,0.0
353,0.21244983610192056,0.0,1.3766552231656726,1.5481444585213384,0.0,0.0,0.0,0.0
354,0.2122552342461905,0.0,1.376113440085987,1.547731821768856,0.0,0.0,0.0,0.0
355,0.2120612124738601,0.0,1.375571706825257,1.5473190486098154,0.0,0.0,0.0,0.0
356,0.21186776812119643,0.0,1.3750300238656172,1.5469061392882082,0.0,0.0,0.0,0.0
357,0.21167489854130786,0.0,1.3744883916892452,1.5464930940485753,0.0,0.0,0.0,0.0
358,0.21148260110396852,0.0,1.373946810778366,1.5460799131360075,0.0,0.0,0.0,0.0
359,0.211290873195445,0.0,1.3734052816152458,1.545666596796141,0.0,0.0,0.0,0.0
360,0.2110997122183272,0.0,1.3728638046821995,1.5452531452751646,0.0,0.0,0.0,0.0
361,0.21090911559136,0.0,1.3723223804615816,1.544839558819814,0.0,0.0,0.0,0.0
362,0.2107190807492783,0.0,1.3717810094357925,1.5444258376773712,0.0,0.0,0.0,0.0
363,0.2105296051426445,0.0,1.3712396920872767,1.5440119820956646,0.0,0.0,0.0,0.0
364,0.21034068623768837,0.0,1.370698428898522,1.5435979923230758,0.0,0.0,0.0,0.0
365,0.210152321516149,0.0,1.370157220352058,1.5431838686085273,0.0,0.0,0.0,0.0
366,0.2099645084751194,0.0,1.3696160669304576,1.5427696112014915,0.0,0.0,0.0,0.0
367,0.20977724462689354,0.0,1.3690749691163377,1.5423552203519855,0.0,0.0,0.0,0.0
368,0.2095905274988153,0.0,1.368533927392356,1.5419406963105742,0.0,0.0,0.0,0.0
369,0.20940435463312954,0.0,1.3679929422412125,1.5415260393283672,0.0,0.0,0.0,0.0
370,0.20921872358683585,0.0,1.367452014145651,1.5411112496570196,0.0,0.0,0.0,0.0
371,0.2090336319315442,0.0,1.366911143588453,1.5406963275487322,0.0,0.0,0.0,0.0
372,0.20884907725333254,0.0,1.3663703310524449,1.5402812732562494,0.0,0.0,0.0,0.0
373,0.20866505715260694,0.0,1.3658295770204913,1.5398660870328629,0.0,0.0,0.0,0.0
374,0.2084815692439627,0.0,1.3652888819754987,1.5394507691324044,0.0,0.0,0.0,0.0
375,0.2082986111560493,0.0,1.3647482464004137,1.5390353198092537,0.0,0.0,0.0,0.0
376,0.2081161805314352,0.0,1.3642076707782234,1.538619739318331,0.0,0.0,0.0,0.0
377,0.20793427502647646,0.0,1.363667155591954,1.5382040279151004,0.0,0.0,0.0,0.0
378,0.2077528923111856,0.0,1.36312670132467,1.5377881858555704,0.0,0.0,0.0,0.0
379,0.20757203006910382,0.0,1.362586308459475,1.537372213396289,0.0,0.0,0.0,0.0
380,0.20739168599717392,0.0,1.362045977479513,1.5369561107943503,0.0,0.0,0.0,0.0
381,0.20721185780561588,0.0,1.3615057088679656,1.5365398783073845,0.0,0.0,0.0,0.0
382,0.20703254321780332,0.0,1.3609655031080508,1.5361235161935687,0.0,0.0,0.0,0.0
383,0.20685373997014275,0.0,1.3604253606830254,1.5357070247116187,0.0,0.0,0.0,0.0
384,0.20667544581195346,0.0,1.3598852820761824,1.535290404120789,0.0,0.0,0.0,0.0
385,0.2064976585053503,0.0,1.3593452677708524,1.5348736546808779,0.0,0.0,0.0,0.0
386,0.20632037582512647,0.0,1.3588053182504012,1.534456776652221,0.0,0.0,0.0,0.0
387,0.2061435955586399,0.0,1.3582654339982319,1.5340397702956936,0.0,0.0,0.0,0.0
388,0.20596731550569986,0.0,1.3577256154977824,1.5336226358727105,0.0,0.0,0.0,0.0
389,0.20579153347845508,0.0,1.357185863232525,1.5332053736452262,0.0,0.0,0.0,0.0
390,0.20561624730128464,0.0,1.3566461776859673,1.5327879838757308,0.0,0.0,0.0,0.0
391,0.2054414548106893,0.0,1.3561065593416508,1.532370466827255,0.0,0.0,0.0,0.0
392,0.20526715385518435,0.0,1.3555670086831515,1.5319528227633639,0.0,0.0,0.0,0.0
393,0.20509334229519469,0.0,1.3550275261940778,1.5315350519481632,0.0,0.0,0.0,0.0
394,0.2049200180029507,0.0,1.3544881123580716,1.5311171546462907,0.0,0.0,0.0,0.0
395,0.20474717886238555,0.0,1.3539487676588073,1.5306991311229239,0.0,0.0,0.0,0.0
396,0.20457482276903438,0.0,1.3534094925799895,1.5302809816437748,0.0,0.0,0.0,0.0
397,0.20440294762993433,0.0,1.352870287605356,1.52986270647509,0.0,0.0,0.0,0.0
398,0.2042315513635263,0.0,1.3523311532186761,1.529444305883653,0.0,0.0,0.0,0.0
399,0.20406063189955784,0.0,1.351792089903747,1.5290257801367775,0.0,0.0,0.0,0.0
400,0.20389018717898727,0.0,1.3512530981443989,1.5286071295023167,0.0,0.0,0.0,0.0
401,0.20372021515388947,0.0,1.3507141784244892,1.5281883542486512,0.0,0.0,0.0,0.0
402,0.2035507137873625,0.0,1.3501753312279043,1.5277694546446992,0.0,0.0,0.0,0.0
403,0.20338168105343574,0.0,1.3496365570385613,1.5273504309599086,0.0,0.0,0.0,0.0
404,0.20321311493697897,0.0,1.3490978563404012,1.5269312834642617,0.0,0.0,0.0,0.0
405,0.20304501343361306,0.0,1.348559229617397,1.5265120124282694,0.0,0.0,0.0,0.0
406,0.2028773745496214,0.0,1.3480206773535444,1.526092618122976,0.0,0.0,0.0,0.0
407,0.20271019630186304,0.0,1.3474822000328674,1.5256731008199553,0.0,0.0,0.0,0.0
408,0.20254347671768622,0.0,1.346943798139416,1.5252534607913122,0.0,0.0,0.0,0.0
409,0.20237721383484383,0.0,1.3464054721572636,1.524833698309679,0.0,0.0,0.0,0.0
410,0.20221140570140925,0.0,1.34586722257051,1.5244138136482208,0.0,0.0,0.0,0.0
411,0.20204605037569398,0.0,1.3453290498632768,1.5239938070806254,0.0,0.0,0.0,0.0
412,0.20188114592616574,0.0,1.3447909545197105,1.5235736788811147,0.0,0.0,0.0,0.0
413,0.2017166904313679,0.0,1.3442529370239809,1.5231534293244342,0.0,0.0,0.0,0.0
414,0.20155268197983978,0.0,1.3437149978602771,1.5227330586858598,0.0,0.0,0.0,0.0
415,0.2013891186700387,0.0,1.3431771375128123,1.522312567241189,0.0,0.0,0.0,0.0
416,0.20122599861026158,0.0,1.34263935646582,1.5218919552667503,0.0,0.0,0.0,0.0
417,0.2010633199185687,0.0,1.3421016552035532,1.5214712230393943,0.0,0.0,0.0,0.0
418,0.20090108072270857,0.0,1.3415640342102855,1.521050370836498,0.0,0.0,0.0,0.0
419,0.2007392791600426,0.0,1.3410264939703076,1.520629398935961,0.0,0.0,0.0,0.0
420,0.20057791337747174,0.0,1.3404890349679313,1.5202083076162098,0.0,0.0,0.0,0.0
421,0.20041698153136356,0.0,1.3399516576874826,1.5197870971561906,0.0,0.0,0.0,0.0
422,0.20025648178748057,0.0,1.3394143626133077,1.519365767835375,0.0,0.0,0.0,0.0
423,0.20009641232090913,0.0,1.3388771502297665,1.5189443199337553,0.0,0.0,0.0,0.0
424,0.19993677131598897,0.0,1.3383400210212357,1.518522753731845,0.0,0.0,0.0,0.0
425,0.1997775569662448,0.0,1.3378029754721075,1.5181010695106798,0.0,0.0,0.0,0.0
426,0.19961876747431692,0.0,1.3372660140667862,1.5176792675518156,0.0,0.0,0.0,0.0
427,0.19946040105189444,0.0,1.3367291372896912,1.5172573481373257,0.0,0.0,0.0,0.0
428,0.1993024559196481,0.0,1.3361923456252536,1.5168353115498063,0.0,0.0,0.0,0.0
429,0.19914493030716454,0.0,1.335655639557918,1.51641315807237,0.0,0.0,0.0,0.0
430,0.19898782245288102,0.0,1.335119019572138,1.5159908879886463,0.0,0.0,0.0,0.0
431,0.19883113060402122,0.0,1.3345824861523794,1.5155685015827862,0.0,0.0,0.0,0.0
432,0.19867485301653162,0.0,1.3340460397831164,1.5151459991394525,0.0,0.0,0.0,0.0
433,0.19851898795501863,0.0,1.3335096809488336,1.514723380943828,0.0,0.0,0.0,0.0
434,0.19836353369268653,0.0,1.3329734101340232,1.5143006472816087,0.0,0.0,0.0,0.0
435,0.19820848851127604,0.0,1.3324372278231837,1.5138777984390062,0.0,0.0,0.0,0.0
436,0.19805385070100406,0.0,1.3319011345008218,1.513454834702748,0.0,0.0,0.0,0.0
437,0.19789961856050323,0.0,1.331365130651449,1.5130317563600721,0.0,0.0,0.0,0.0
438,0.19774579039676313,0.0,1.3308292167595828,1.5126085636987334,0.0,0.0,0.0,0.0
439,0.19759236452507173,0.0,1.330293393309742,1.5121852570069945,0.0,0.0,0.0,0.0
440,0.19743933926895726,0.0,1.3297576607864543,1.5117618365736345,0.0,0.0,0.0,0.0
441,0.19728671296013142,0.0,1.3292220196742437,1.5113383026879403,0.0,0.0,0.0,0.0
442,0.19713448393843255,0.0,1.32868647045764,1.5109146556397102,0.0,0.0,0.0,0.0
443,0.19698265055177,0.0,1.3281510136211725,1.5104908957192535,0.0,0.0,0.0,0.0
444,0.19683121115606872,0.0,1.3276156496493696,1.5100670232173874,0.0,0.0,0.0,0.0
445,0.19668016411521475,0.0,1.3270803790267607,1.5096430384254371,0.0,0.0,0.0,0.0
446,0.19652950780100126,0.0,1.3265452022378728,1.509218941635235,0.0,0.0,0.0,0.0
447,0.19637924059307504,0.0,1.326010119767228,1.508794733139124,0.0,0.0,0.0,0.0
448,0.19622936087888393,0.0,1.3254751320993483,1.50837041322995,0.0,0.0,0.0,0.0
449,0.1960798670536243,0.0,1.3249402397187486,1.5079459822010648,0.0,0.0,0.0,0.0
450,0.19593075752018982,0.0,1.3244054431099397,1.5075214403463268,0.0,0.0,0.0,0.0
451,0.1957820306891201,0.0,1.3238707427574272,1.5070967879600987,0.0,0.0,0.0,0.0
452,0.19563368497855033,0.0,1.3233361391457057,1.5066720253372448,0.0,0.0,0.0,0.0
453,0.1954857188141615,0.0,1.3228016327592655,1.506247152773134,0.0,0.0,0.0,0.0
454,0.19533813062913055,0.0,1.3222672240825866,1.505822170563637,0.0,0.0,0.0,0.0
455,0.19519091886408227,0.0,1.3217329136001381,1.505397079005125,0.0,0.0,0.0,0.0
456,0.19504408196704007,0.0,1.321198701796379,1.5049718783944723,0.0,0.0,0.0,0.0
457,0.19489761839337894,0.0,1.320664589155757,1.5045465690290505,0.0,0.0,0.0,0.0
458,0.19475152660577763,0.0,1.3201305761627031,1.5041211512067305,0.0,0.0,0.0,0.0
459,0.19460580507417244,0.0,1.3195966633016394,1.5036956252258853,0.0,0.0,0.0,0.0
460,0.19446045227571004,0.0,1.3190628510569706,1.5032699913853804,0.0,0.0,0.0,0.0
461,0.19431546669470282,0.0,1.318529139913085,1.5028442499845827,0.0,0.0,0.0,0.0
462,0.1941708468225824,0.0,1.3179955303543542,1.5024184013233532,0.0,0.0,0.0,0.0
463,0.1940265911578556,0.0,1.3174620228651326,1.5019924457020495,0.0,0.0,0.0,0.0
464,0.1938826982060598,0.0,1.3169286179297548,1.5015663834215216,0.0,0.0,0.0,0.0
465,0.19373916647971884,0.0,1.316395316032536,1.5011402147831165,0.0,0.0,0.0,0.0
466,0.19359599449829976,0.0,1.315862117657769,1.5007139400886729,0.0,0.0,0.0,0.0
467,0.19345318078816973,0.0,1.3153290232897263,1.5002875596405216,0.0,0.0,0.0,0.0
468,0.19331072388255371,0.0,1.3147960334126554,1.499861073741486,0.0,0.0,0.0,0.0
469,0.19316862232149154,0.0,1.3142631485107812,1.4994344826948782,0.0,0.0,0.0,0.0
470,0.19302687465179705,0.0,1.3137303690682998,1.4990077868045044,0.0,0.0,0.0,0.0
471,0.19288547942701648,0.0,1.3131976955693845,1.4985809863746553,0.0,0.0,0.0,0.0
472,0.19274443520738738,0.0,1.3126651284981805,1.4981540817101135,0.0,0.0,0.0,0.0
473,0.19260374055979831,0.0,1.3121326683388015,1.4977270731161478,0.0,0.0,0.0,0.0
474,0.19246339405774873,0.0,1.3116003155753344,1.4972999608985131,0.0,0.0,0.0,0.0
475,0.19232339428130937,0.0,1.3110680706918338,1.496872745363451,0.0,0.0,0.0,0.0
476,0.1921837398170828,0.0,1.3105359341723213,1.496445426817691,0.0,0.0,0.0,0.0
477,0.1920444292581647,0.0,1.310003906500787,1.496018005568442,0.0,0.0,0.0,0.0
478,0.1919054612041051,0.0,1.3094719881611852,1.495590481923398,0.0,0.0,0.0,0.0
479,0.19176683426087043,0.0,1.3089401796374351,1.4951628561907389,0.0,0.0,0.0,0.0
480,0.1916285470408056,0.0,1.308408481413419,1.4947351286791213,0.0,0.0,0.0,0.0
481,0.19149059816259661,0.0,1.3078768939729812,1.494307299697688,0.0,0.0,0.0,0.0
482,0.1913529862512336,0.0,1.3073454177999269,1.4938793695560573,0.0,0.0,0.0,0.0
483,0.19121570993797382,0.0,1.3068140533780206,1.4934513385643293,0.0,0.0,0.0,0.0
484,0.1910787678603056,0.0,1.306282801190986,1.4930232070330818,0.0,0.0,0.0,0.0
485,0.1909421586619121,0.0,1.3057516617225031,1.4925949752733703,0.0,0.0,0.0,0.0
486,0.1908058809926357,0.0,1.3052206354562084,1.4921666435967273,0.0,0.0,0.0,0.0
487,0.19066993350844272,0.0,1.304689722875692,1.4917382123151601,0.0,0.0,0.0,0.0
488,0.1905343148713881,0.0,1.304158924464498,1.491309681741152,0.0,0.0,0.0,0.0
489,0.19039902374958106,0.0,1.3036282407061248,1.4908810521876588,0.0,0.0,0.0,0.0
490,0.1902640588171505,0.0,1.303097672084018,1.490452323968111,0.0,0.0,0.0,0.0
491,0.1901294187542108,0.0,1.3025672190815751,1.490023497396411,0.0,0.0,0.0,0.0
492,0.18999510224682858,0.0,1.3020368821821422,1.4895945727869313,0.0,0.0,0.0,0.0
493,0.18986110798698838,0.0,1.3015066618690108,1.489165550454516,0.0,0.0,0.0,0.0
494,0.18972743467256048,0.0,1.3009765586254183,1.488736430714478,0.0,0.0,0.0,0.0
495,0.18959408100726707,0.0,1.3004465729345485,1.4883072138825997,0.0,0.0,0.0,0.0
496,0.1894610457006506,0.0,1.299916705279527,1.4878779002751303,0.0,0.0,0.0,0.0
497,0.18932832746804076,0.0,1.2993869561434197,1.4874484902087857,0.0,0.0,0.0,0.0
498,0.18919592503052288,0.0,1.2988573260092353,1.4870189840007484,0.0,0.0,0.0,0.0
499,0.18906383711490607,0.0,1.2983278153599203,1.4865893819686655,0.0,0.0,0.0,0.0
